{"smart_1_normalized_avg": 93.59260583723722, "smart_3_normalized_avg": 97.86317223313293, "smart_4_normalized_avg": 99.99844257539193, "smart_5_normalized_avg": 100.25656125019157, "smart_7_normalized_avg": 94.61911639117189, "smart_9_normalized_avg": 68.77375155340324, "smart_10_normalized_avg": 100.1981537735377, "smart_12_normalized_avg": 99.99939004945631, "smart_192_normalized_avg": 100.03582762991232, "smart_193_normalized_avg": 95.99153197645929, "smart_194_normalized_avg": 77.96967800204933, "smart_197_normalized_avg": 100.27962180406098, "smart_198_normalized_avg": 100.1936719036827, "smart_199_normalized_avg": 187.44835537598922}